/cs/main;jsessionid=5BDE880510893EC436028BE20D1ED0F9?pname=subjarea&tname=subjareas&req=1&dept=AANB
/cs/main;jsessionid=5BDE880510893EC436028BE20D1ED0F9?pname=subjarea&tname=subjareas&req=1&dept=ACAM
/cs/main;jsessionid=5BDE880510893EC436028BE20D1ED0F9?pname=subjarea&tname=subjareas&req=1&dept=ADHE
/cs/main;jsessionid=5BDE880510893EC436028BE20D1ED0F9?pname=subjarea&tname=subjareas&req=1&dept=AFST
/cs/main;jsessionid=5BDE880510893EC436028BE20D1ED0F9?pname=subjarea&tname=subjareas&req=1&dept=AGEC
/cs/main;jsessionid=5BDE880510893EC436028BE20D1ED0F9?pname=subjarea&tname=subjareas&req=1&dept=ANAE
/cs/main;jsessionid=5BDE880510893EC436028BE20D1ED0F9?pname=subjarea&tname=subjareas&req=1&dept=ANAT
/cs/main;jsessionid=5BDE880510893EC436028BE20D1ED0F9?pname=subjarea&tname=subjareas&req=1&dept=ANSC
/cs/main;jsessionid=5BDE880510893EC436028BE20D1ED0F9?pname=subjarea&tname=subjareas&req=1&dept=ANTH
/cs/main;jsessionid=5BDE880510893EC436028BE20D1ED0F9?pname=subjarea&tname=subjareas&req=1&dept=APBI
/cs/main;jsessionid=5BDE880510893EC436028BE20D1ED0F9?pname=subjarea&tname=subjareas&req=1&dept=APPP
/cs/main;jsessionid=5BDE880510893EC436028BE20D1ED0F9?pname=subjarea&tname=subjareas&req=1&dept=APSC
/cs/main;jsessionid=5BDE880510893EC436028BE20D1ED0F9?pname=subjarea&tname=subjareas&req=1&dept=ARBC
/cs/main;jsessionid=5BDE880510893EC436028BE20D1ED0F9?pname=subjarea&tname=subjareas&req=1&dept=ARC
/cs/main;jsessionid=5BDE880510893EC436028BE20D1ED0F9?pname=subjarea&tname=subjareas&req=1&dept=ARCH
/cs/main;jsessionid=5BDE880510893EC436028BE20D1ED0F9?pname=subjarea&tname=subjareas&req=1&dept=ARCL
/cs/main;jsessionid=5BDE880510893EC436028BE20D1ED0F9?pname=subjarea&tname=subjareas&req=1&dept=ARST
/cs/main;jsessionid=5BDE880510893EC436028BE20D1ED0F9?pname=subjarea&tname=subjareas&req=1&dept=ARTH
/cs/main;jsessionid=5BDE880510893EC436028BE20D1ED0F9?pname=subjarea&tname=subjareas&req=1&dept=ARTS
/cs/main;jsessionid=5BDE880510893EC436028BE20D1ED0F9?pname=subjarea&tname=subjareas&req=1&dept=ASIA
/cs/main;jsessionid=5BDE880510893EC436028BE20D1ED0F9?pname=subjarea&tname=subjareas&req=1&dept=ASIC
/cs/main;jsessionid=5BDE880510893EC436028BE20D1ED0F9?pname=subjarea&tname=subjareas&req=1&dept=ASLA
/cs/main;jsessionid=5BDE880510893EC436028BE20D1ED0F9?pname=subjarea&tname=subjareas&req=1&dept=ASTR
/cs/main;jsessionid=5BDE880510893EC436028BE20D1ED0F9?pname=subjarea&tname=subjareas&req=1&dept=ASTU
/cs/main;jsessionid=5BDE880510893EC436028BE20D1ED0F9?pname=subjarea&tname=subjareas&req=1&dept=ATSC
/cs/main;jsessionid=5BDE880510893EC436028BE20D1ED0F9?pname=subjarea&tname=subjareas&req=1&dept=AUDI
/cs/main;jsessionid=5BDE880510893EC436028BE20D1ED0F9?pname=subjarea&tname=subjareas&req=1&dept=BA
/cs/main;jsessionid=5BDE880510893EC436028BE20D1ED0F9?pname=subjarea&tname=subjareas&req=1&dept=BAAC
/cs/main;jsessionid=5BDE880510893EC436028BE20D1ED0F9?pname=subjarea&tname=subjareas&req=1&dept=BABS
/cs/main;jsessionid=5BDE880510893EC436028BE20D1ED0F9?pname=subjarea&tname=subjareas&req=1&dept=BAEN
/cs/main;jsessionid=5BDE880510893EC436028BE20D1ED0F9?pname=subjarea&tname=subjareas&req=1&dept=BAFI
/cs/main;jsessionid=5BDE880510893EC436028BE20D1ED0F9?pname=subjarea&tname=subjareas&req=1&dept=BAHC
/cs/main;jsessionid=5BDE880510893EC436028BE20D1ED0F9?pname=subjarea&tname=subjareas&req=1&dept=BAHR
/cs/main;jsessionid=5BDE880510893EC436028BE20D1ED0F9?pname=subjarea&tname=subjareas&req=1&dept=BAIM
/cs/main;jsessionid=5BDE880510893EC436028BE20D1ED0F9?pname=subjarea&tname=subjareas&req=1&dept=BAIT
/cs/main;jsessionid=5BDE880510893EC436028BE20D1ED0F9?pname=subjarea&tname=subjareas&req=1&dept=BALA
/cs/main;jsessionid=5BDE880510893EC436028BE20D1ED0F9?pname=subjarea&tname=subjareas&req=1&dept=BAMA
/cs/main;jsessionid=5BDE880510893EC436028BE20D1ED0F9?pname=subjarea&tname=subjareas&req=1&dept=BAMS
/cs/main;jsessionid=5BDE880510893EC436028BE20D1ED0F9?pname=subjarea&tname=subjareas&req=1&dept=BAPA
/cs/main;jsessionid=5BDE880510893EC436028BE20D1ED0F9?pname=subjarea&tname=subjareas&req=1&dept=BASC
/cs/main;jsessionid=5BDE880510893EC436028BE20D1ED0F9?pname=subjarea&tname=subjareas&req=1&dept=BASD
/cs/main;jsessionid=5BDE880510893EC436028BE20D1ED0F9?pname=subjarea&tname=subjareas&req=1&dept=BASM
/cs/main;jsessionid=5BDE880510893EC436028BE20D1ED0F9?pname=subjarea&tname=subjareas&req=1&dept=BATL
/cs/main;jsessionid=5BDE880510893EC436028BE20D1ED0F9?pname=subjarea&tname=subjareas&req=1&dept=BATM
/cs/main;jsessionid=5BDE880510893EC436028BE20D1ED0F9?pname=subjarea&tname=subjareas&req=1&dept=BAUL
/cs/main;jsessionid=5BDE880510893EC436028BE20D1ED0F9?pname=subjarea&tname=subjareas&req=1&dept=BIOC
/cs/main;jsessionid=5BDE880510893EC436028BE20D1ED0F9?pname=subjarea&tname=subjareas&req=1&dept=BIOF
/cs/main;jsessionid=5BDE880510893EC436028BE20D1ED0F9?pname=subjarea&tname=subjareas&req=1&dept=BIOL
/cs/main;jsessionid=5BDE880510893EC436028BE20D1ED0F9?pname=subjarea&tname=subjareas&req=1&dept=BIOT
/cs/main;jsessionid=5BDE880510893EC436028BE20D1ED0F9?pname=subjarea&tname=subjareas&req=1&dept=BMEG
/cs/main;jsessionid=5BDE880510893EC436028BE20D1ED0F9?pname=subjarea&tname=subjareas&req=1&dept=BOTA
/cs/main;jsessionid=5BDE880510893EC436028BE20D1ED0F9?pname=subjarea&tname=subjareas&req=1&dept=BRDG
/cs/main;jsessionid=5BDE880510893EC436028BE20D1ED0F9?pname=subjarea&tname=subjareas&req=1&dept=BUSI
/cs/main;jsessionid=5BDE880510893EC436028BE20D1ED0F9?pname=subjarea&tname=subjareas&req=1&dept=CAPS
/cs/main;jsessionid=5BDE880510893EC436028BE20D1ED0F9?pname=subjarea&tname=subjareas&req=1&dept=CCFI
/cs/main;jsessionid=5BDE880510893EC436028BE20D1ED0F9?pname=subjarea&tname=subjareas&req=1&dept=CCST
/cs/main;jsessionid=5BDE880510893EC436028BE20D1ED0F9?pname=subjarea&tname=subjareas&req=1&dept=CDST
/cs/main;jsessionid=5BDE880510893EC436028BE20D1ED0F9?pname=subjarea&tname=subjareas&req=1&dept=CEEN
/cs/main;jsessionid=5BDE880510893EC436028BE20D1ED0F9?pname=subjarea&tname=subjareas&req=1&dept=CELL
/cs/main;jsessionid=5BDE880510893EC436028BE20D1ED0F9?pname=subjarea&tname=subjareas&req=1&dept=CENS
/cs/main;jsessionid=5BDE880510893EC436028BE20D1ED0F9?pname=subjarea&tname=subjareas&req=1&dept=CHBE
/cs/main;jsessionid=5BDE880510893EC436028BE20D1ED0F9?pname=subjarea&tname=subjareas&req=1&dept=CHEM
/cs/main;jsessionid=5BDE880510893EC436028BE20D1ED0F9?pname=subjarea&tname=subjareas&req=1&dept=CHIL
/cs/main;jsessionid=5BDE880510893EC436028BE20D1ED0F9?pname=subjarea&tname=subjareas&req=1&dept=CHIN
/cs/main;jsessionid=5BDE880510893EC436028BE20D1ED0F9?pname=subjarea&tname=subjareas&req=1&dept=CICS
/cs/main;jsessionid=5BDE880510893EC436028BE20D1ED0F9?pname=subjarea&tname=subjareas&req=1&dept=CIVL
/cs/main;jsessionid=5BDE880510893EC436028BE20D1ED0F9?pname=subjarea&tname=subjareas&req=1&dept=CLCH
/cs/main;jsessionid=5BDE880510893EC436028BE20D1ED0F9?pname=subjarea&tname=subjareas&req=1&dept=CLST
/cs/main;jsessionid=5BDE880510893EC436028BE20D1ED0F9?pname=subjarea&tname=subjareas&req=1&dept=CNPS
/cs/main;jsessionid=5BDE880510893EC436028BE20D1ED0F9?pname=subjarea&tname=subjareas&req=1&dept=CNRS
/cs/main;jsessionid=5BDE880510893EC436028BE20D1ED0F9?pname=subjarea&tname=subjareas&req=1&dept=CNTO
/cs/main;jsessionid=5BDE880510893EC436028BE20D1ED0F9?pname=subjarea&tname=subjareas&req=1&dept=COEC
/cs/main;jsessionid=5BDE880510893EC436028BE20D1ED0F9?pname=subjarea&tname=subjareas&req=1&dept=COGS
/cs/main;jsessionid=5BDE880510893EC436028BE20D1ED0F9?pname=subjarea&tname=subjareas&req=1&dept=COHR
/cs/main;jsessionid=5BDE880510893EC436028BE20D1ED0F9?pname=subjarea&tname=subjareas&req=1&dept=COMM
/cs/main;jsessionid=5BDE880510893EC436028BE20D1ED0F9?pname=subjarea&tname=subjareas&req=1&dept=CONS
/cs/main;jsessionid=5BDE880510893EC436028BE20D1ED0F9?pname=subjarea&tname=subjareas&req=1&dept=CPEN
/cs/main;jsessionid=5BDE880510893EC436028BE20D1ED0F9?pname=subjarea&tname=subjareas&req=1&dept=CPSC
/cs/main;jsessionid=5BDE880510893EC436028BE20D1ED0F9?pname=subjarea&tname=subjareas&req=1&dept=CRWR
/cs/main;jsessionid=5BDE880510893EC436028BE20D1ED0F9?pname=subjarea&tname=subjareas&req=1&dept=CSIS
/cs/main;jsessionid=5BDE880510893EC436028BE20D1ED0F9?pname=subjarea&tname=subjareas&req=1&dept=CSPW
/cs/main;jsessionid=5BDE880510893EC436028BE20D1ED0F9?pname=subjarea&tname=subjareas&req=1&dept=DANI
/cs/main;jsessionid=5BDE880510893EC436028BE20D1ED0F9?pname=subjarea&tname=subjareas&req=1&dept=DENT
/cs/main;jsessionid=5BDE880510893EC436028BE20D1ED0F9?pname=subjarea&tname=subjareas&req=1&dept=DERM
/cs/main;jsessionid=5BDE880510893EC436028BE20D1ED0F9?pname=subjarea&tname=subjareas&req=1&dept=DHYG
/cs/main;jsessionid=5BDE880510893EC436028BE20D1ED0F9?pname=subjarea&tname=subjareas&req=1&dept=DMED
/cs/main;jsessionid=5BDE880510893EC436028BE20D1ED0F9?pname=subjarea&tname=subjareas&req=1&dept=DPAS
/cs/main;jsessionid=5BDE880510893EC436028BE20D1ED0F9?pname=subjarea&tname=subjareas&req=1&dept=DSCI
/cs/main;jsessionid=5BDE880510893EC436028BE20D1ED0F9?pname=subjarea&tname=subjareas&req=1&dept=ECED
/cs/main;jsessionid=5BDE880510893EC436028BE20D1ED0F9?pname=subjarea&tname=subjareas&req=1&dept=ECON
/cs/main;jsessionid=5BDE880510893EC436028BE20D1ED0F9?pname=subjarea&tname=subjareas&req=1&dept=EDCP
/cs/main;jsessionid=5BDE880510893EC436028BE20D1ED0F9?pname=subjarea&tname=subjareas&req=1&dept=EDST
/cs/main;jsessionid=5BDE880510893EC436028BE20D1ED0F9?pname=subjarea&tname=subjareas&req=1&dept=EDUC
/cs/main;jsessionid=5BDE880510893EC436028BE20D1ED0F9?pname=subjarea&tname=subjareas&req=1&dept=EECE
/cs/main;jsessionid=5BDE880510893EC436028BE20D1ED0F9?pname=subjarea&tname=subjareas&req=1&dept=ELEC
/cs/main;jsessionid=5BDE880510893EC436028BE20D1ED0F9?pname=subjarea&tname=subjareas&req=1&dept=ELI
/cs/main;jsessionid=5BDE880510893EC436028BE20D1ED0F9?pname=subjarea&tname=subjareas&req=1&dept=EMBA
/cs/main;jsessionid=5BDE880510893EC436028BE20D1ED0F9?pname=subjarea&tname=subjareas&req=1&dept=EMER
/cs/main;jsessionid=5BDE880510893EC436028BE20D1ED0F9?pname=subjarea&tname=subjareas&req=1&dept=ENDS
/cs/main;jsessionid=5BDE880510893EC436028BE20D1ED0F9?pname=subjarea&tname=subjareas&req=1&dept=ENGL
/cs/main;jsessionid=5BDE880510893EC436028BE20D1ED0F9?pname=subjarea&tname=subjareas&req=1&dept=ENPH
/cs/main;jsessionid=5BDE880510893EC436028BE20D1ED0F9?pname=subjarea&tname=subjareas&req=1&dept=ENPP
/cs/main;jsessionid=5BDE880510893EC436028BE20D1ED0F9?pname=subjarea&tname=subjareas&req=1&dept=ENVR
/cs/main;jsessionid=5BDE880510893EC436028BE20D1ED0F9?pname=subjarea&tname=subjareas&req=1&dept=EOSC
/cs/main;jsessionid=5BDE880510893EC436028BE20D1ED0F9?pname=subjarea&tname=subjareas&req=1&dept=EPSE
/cs/main;jsessionid=5BDE880510893EC436028BE20D1ED0F9?pname=subjarea&tname=subjareas&req=1&dept=ETEC
/cs/main;jsessionid=5BDE880510893EC436028BE20D1ED0F9?pname=subjarea&tname=subjareas&req=1&dept=EXCH
/cs/main;jsessionid=5BDE880510893EC436028BE20D1ED0F9?pname=subjarea&tname=subjareas&req=1&dept=EXGR
/cs/main;jsessionid=5BDE880510893EC436028BE20D1ED0F9?pname=subjarea&tname=subjareas&req=1&dept=FACT
/cs/main;jsessionid=5BDE880510893EC436028BE20D1ED0F9?pname=subjarea&tname=subjareas&req=1&dept=FEBC
/cs/main;jsessionid=5BDE880510893EC436028BE20D1ED0F9?pname=subjarea&tname=subjareas&req=1&dept=FHIS
/cs/main;jsessionid=5BDE880510893EC436028BE20D1ED0F9?pname=subjarea&tname=subjareas&req=1&dept=FIPR
/cs/main;jsessionid=5BDE880510893EC436028BE20D1ED0F9?pname=subjarea&tname=subjareas&req=1&dept=FISH
/cs/main;jsessionid=5BDE880510893EC436028BE20D1ED0F9?pname=subjarea&tname=subjareas&req=1&dept=FIST
/cs/main;jsessionid=5BDE880510893EC436028BE20D1ED0F9?pname=subjarea&tname=subjareas&req=1&dept=FMED
/cs/main;jsessionid=5BDE880510893EC436028BE20D1ED0F9?pname=subjarea&tname=subjareas&req=1&dept=FMPR
/cs/main;jsessionid=5BDE880510893EC436028BE20D1ED0F9?pname=subjarea&tname=subjareas&req=1&dept=FMST
/cs/main;jsessionid=5BDE880510893EC436028BE20D1ED0F9?pname=subjarea&tname=subjareas&req=1&dept=FNEL
/cs/main;jsessionid=5BDE880510893EC436028BE20D1ED0F9?pname=subjarea&tname=subjareas&req=1&dept=FNH
/cs/main;jsessionid=5BDE880510893EC436028BE20D1ED0F9?pname=subjarea&tname=subjareas&req=1&dept=FNIS
/cs/main;jsessionid=5BDE880510893EC436028BE20D1ED0F9?pname=subjarea&tname=subjareas&req=1&dept=FOOD
/cs/main;jsessionid=5BDE880510893EC436028BE20D1ED0F9?pname=subjarea&tname=subjareas&req=1&dept=FOPR
/cs/main;jsessionid=5BDE880510893EC436028BE20D1ED0F9?pname=subjarea&tname=subjareas&req=1&dept=FRE
/cs/main;jsessionid=5BDE880510893EC436028BE20D1ED0F9?pname=subjarea&tname=subjareas&req=1&dept=FREN
/cs/main;jsessionid=5BDE880510893EC436028BE20D1ED0F9?pname=subjarea&tname=subjareas&req=1&dept=FRSI
/cs/main;jsessionid=5BDE880510893EC436028BE20D1ED0F9?pname=subjarea&tname=subjareas&req=1&dept=FRST
/cs/main;jsessionid=5BDE880510893EC436028BE20D1ED0F9?pname=subjarea&tname=subjareas&req=1&dept=GBPR
/cs/main;jsessionid=5BDE880510893EC436028BE20D1ED0F9?pname=subjarea&tname=subjareas&req=1&dept=GEM
/cs/main;jsessionid=5BDE880510893EC436028BE20D1ED0F9?pname=subjarea&tname=subjareas&req=1&dept=GENE
/cs/main;jsessionid=5BDE880510893EC436028BE20D1ED0F9?pname=subjarea&tname=subjareas&req=1&dept=GEOB
/cs/main;jsessionid=5BDE880510893EC436028BE20D1ED0F9?pname=subjarea&tname=subjareas&req=1&dept=GEOG
/cs/main;jsessionid=5BDE880510893EC436028BE20D1ED0F9?pname=subjarea&tname=subjareas&req=1&dept=GERM
/cs/main;jsessionid=5BDE880510893EC436028BE20D1ED0F9?pname=subjarea&tname=subjareas&req=1&dept=GPP
/cs/main;jsessionid=5BDE880510893EC436028BE20D1ED0F9?pname=subjarea&tname=subjareas&req=1&dept=GREK
/cs/main;jsessionid=5BDE880510893EC436028BE20D1ED0F9?pname=subjarea&tname=subjareas&req=1&dept=GRS
/cs/main;jsessionid=5BDE880510893EC436028BE20D1ED0F9?pname=subjarea&tname=subjareas&req=1&dept=GRSJ
/cs/main;jsessionid=5BDE880510893EC436028BE20D1ED0F9?pname=subjarea&tname=subjareas&req=1&dept=GSAT
/cs/main;jsessionid=5BDE880510893EC436028BE20D1ED0F9?pname=subjarea&tname=subjareas&req=1&dept=HEBR
/cs/main;jsessionid=5BDE880510893EC436028BE20D1ED0F9?pname=subjarea&tname=subjareas&req=1&dept=HESO
/cs/main;jsessionid=5BDE880510893EC436028BE20D1ED0F9?pname=subjarea&tname=subjareas&req=1&dept=HGSE
/cs/main;jsessionid=5BDE880510893EC436028BE20D1ED0F9?pname=subjarea&tname=subjareas&req=1&dept=HINU
/cs/main;jsessionid=5BDE880510893EC436028BE20D1ED0F9?pname=subjarea&tname=subjareas&req=1&dept=HIST
/cs/main;jsessionid=5BDE880510893EC436028BE20D1ED0F9?pname=subjarea&tname=subjareas&req=1&dept=HPB
/cs/main;jsessionid=5BDE880510893EC436028BE20D1ED0F9?pname=subjarea&tname=subjareas&req=1&dept=HUNU
/cs/main;jsessionid=5BDE880510893EC436028BE20D1ED0F9?pname=subjarea&tname=subjareas&req=1&dept=IAR
/cs/main;jsessionid=5BDE880510893EC436028BE20D1ED0F9?pname=subjarea&tname=subjareas&req=1&dept=IEST
/cs/main;jsessionid=5BDE880510893EC436028BE20D1ED0F9?pname=subjarea&tname=subjareas&req=1&dept=IGEN
/cs/main;jsessionid=5BDE880510893EC436028BE20D1ED0F9?pname=subjarea&tname=subjareas&req=1&dept=INDE
/cs/main;jsessionid=5BDE880510893EC436028BE20D1ED0F9?pname=subjarea&tname=subjareas&req=1&dept=INDO
/cs/main;jsessionid=5BDE880510893EC436028BE20D1ED0F9?pname=subjarea&tname=subjareas&req=1&dept=INDS
/cs/main;jsessionid=5BDE880510893EC436028BE20D1ED0F9?pname=subjarea&tname=subjareas&req=1&dept=INFO
/cs/main;jsessionid=5BDE880510893EC436028BE20D1ED0F9?pname=subjarea&tname=subjareas&req=1&dept=ISCI
/cs/main;jsessionid=5BDE880510893EC436028BE20D1ED0F9?pname=subjarea&tname=subjareas&req=1&dept=ITAL
/cs/main;jsessionid=5BDE880510893EC436028BE20D1ED0F9?pname=subjarea&tname=subjareas&req=1&dept=ITST
/cs/main;jsessionid=5BDE880510893EC436028BE20D1ED0F9?pname=subjarea&tname=subjareas&req=1&dept=IWME
/cs/main;jsessionid=5BDE880510893EC436028BE20D1ED0F9?pname=subjarea&tname=subjareas&req=1&dept=JAPN
/cs/main;jsessionid=5BDE880510893EC436028BE20D1ED0F9?pname=subjarea&tname=subjareas&req=1&dept=JRNL
/cs/main;jsessionid=5BDE880510893EC436028BE20D1ED0F9?pname=subjarea&tname=subjareas&req=1&dept=KIN
/cs/main;jsessionid=5BDE880510893EC436028BE20D1ED0F9?pname=subjarea&tname=subjareas&req=1&dept=KORN
/cs/main;jsessionid=5BDE880510893EC436028BE20D1ED0F9?pname=subjarea&tname=subjareas&req=1&dept=LAIS
/cs/main;jsessionid=5BDE880510893EC436028BE20D1ED0F9?pname=subjarea&tname=subjareas&req=1&dept=LARC
/cs/main;jsessionid=5BDE880510893EC436028BE20D1ED0F9?pname=subjarea&tname=subjareas&req=1&dept=LASO
/cs/main;jsessionid=5BDE880510893EC436028BE20D1ED0F9?pname=subjarea&tname=subjareas&req=1&dept=LAST
/cs/main;jsessionid=5BDE880510893EC436028BE20D1ED0F9?pname=subjarea&tname=subjareas&req=1&dept=LATN
/cs/main;jsessionid=5BDE880510893EC436028BE20D1ED0F9?pname=subjarea&tname=subjareas&req=1&dept=LAW
/cs/main;jsessionid=5BDE880510893EC436028BE20D1ED0F9?pname=subjarea&tname=subjareas&req=1&dept=LFS
/cs/main;jsessionid=5BDE880510893EC436028BE20D1ED0F9?pname=subjarea&tname=subjareas&req=1&dept=LIBE
/cs/main;jsessionid=5BDE880510893EC436028BE20D1ED0F9?pname=subjarea&tname=subjareas&req=1&dept=LIBR
/cs/main;jsessionid=5BDE880510893EC436028BE20D1ED0F9?pname=subjarea&tname=subjareas&req=1&dept=LING
/cs/main;jsessionid=5BDE880510893EC436028BE20D1ED0F9?pname=subjarea&tname=subjareas&req=1&dept=LLED
/cs/main;jsessionid=5BDE880510893EC436028BE20D1ED0F9?pname=subjarea&tname=subjareas&req=1&dept=MATH
/cs/main;jsessionid=5BDE880510893EC436028BE20D1ED0F9?pname=subjarea&tname=subjareas&req=1&dept=MDVL
/cs/main;jsessionid=5BDE880510893EC436028BE20D1ED0F9?pname=subjarea&tname=subjareas&req=1&dept=MECH
/cs/main;jsessionid=5BDE880510893EC436028BE20D1ED0F9?pname=subjarea&tname=subjareas&req=1&dept=MEDD
/cs/main;jsessionid=5BDE880510893EC436028BE20D1ED0F9?pname=subjarea&tname=subjareas&req=1&dept=MEDG
/cs/main;jsessionid=5BDE880510893EC436028BE20D1ED0F9?pname=subjarea&tname=subjareas&req=1&dept=MEDI
/cs/main;jsessionid=5BDE880510893EC436028BE20D1ED0F9?pname=subjarea&tname=subjareas&req=1&dept=MGMT
/cs/main;jsessionid=5BDE880510893EC436028BE20D1ED0F9?pname=subjarea&tname=subjareas&req=1&dept=MICB
/cs/main;jsessionid=5BDE880510893EC436028BE20D1ED0F9?pname=subjarea&tname=subjareas&req=1&dept=MIDW
/cs/main;jsessionid=5BDE880510893EC436028BE20D1ED0F9?pname=subjarea&tname=subjareas&req=1&dept=MINE
/cs/main;jsessionid=5BDE880510893EC436028BE20D1ED0F9?pname=subjarea&tname=subjareas&req=1&dept=MRNE
/cs/main;jsessionid=5BDE880510893EC436028BE20D1ED0F9?pname=subjarea&tname=subjareas&req=1&dept=MTRL
/cs/main;jsessionid=5BDE880510893EC436028BE20D1ED0F9?pname=subjarea&tname=subjareas&req=1&dept=MUSC
/cs/main;jsessionid=5BDE880510893EC436028BE20D1ED0F9?pname=subjarea&tname=subjareas&req=1&dept=NAME
/cs/main;jsessionid=5BDE880510893EC436028BE20D1ED0F9?pname=subjarea&tname=subjareas&req=1&dept=NEST
/cs/main;jsessionid=5BDE880510893EC436028BE20D1ED0F9?pname=subjarea&tname=subjareas&req=1&dept=NEUR
/cs/main;jsessionid=5BDE880510893EC436028BE20D1ED0F9?pname=subjarea&tname=subjareas&req=1&dept=NRSC
/cs/main;jsessionid=5BDE880510893EC436028BE20D1ED0F9?pname=subjarea&tname=subjareas&req=1&dept=NURS
/cs/main;jsessionid=5BDE880510893EC436028BE20D1ED0F9?pname=subjarea&tname=subjareas&req=1&dept=OBMS
/cs/main;jsessionid=5BDE880510893EC436028BE20D1ED0F9?pname=subjarea&tname=subjareas&req=1&dept=OBST
/cs/main;jsessionid=5BDE880510893EC436028BE20D1ED0F9?pname=subjarea&tname=subjareas&req=1&dept=OHS
/cs/main;jsessionid=5BDE880510893EC436028BE20D1ED0F9?pname=subjarea&tname=subjareas&req=1&dept=ONCO
/cs/main;jsessionid=5BDE880510893EC436028BE20D1ED0F9?pname=subjarea&tname=subjareas&req=1&dept=OPTH
/cs/main;jsessionid=5BDE880510893EC436028BE20D1ED0F9?pname=subjarea&tname=subjareas&req=1&dept=ORNT
/cs/main;jsessionid=5BDE880510893EC436028BE20D1ED0F9?pname=subjarea&tname=subjareas&req=1&dept=ORPA
/cs/main;jsessionid=5BDE880510893EC436028BE20D1ED0F9?pname=subjarea&tname=subjareas&req=1&dept=PAED
/cs/main;jsessionid=5BDE880510893EC436028BE20D1ED0F9?pname=subjarea&tname=subjareas&req=1&dept=PATH
/cs/main;jsessionid=5BDE880510893EC436028BE20D1ED0F9?pname=subjarea&tname=subjareas&req=1&dept=PCTH
/cs/main;jsessionid=5BDE880510893EC436028BE20D1ED0F9?pname=subjarea&tname=subjareas&req=1&dept=PERS
/cs/main;jsessionid=5BDE880510893EC436028BE20D1ED0F9?pname=subjarea&tname=subjareas&req=1&dept=PHAR
/cs/main;jsessionid=5BDE880510893EC436028BE20D1ED0F9?pname=subjarea&tname=subjareas&req=1&dept=PHIL
/cs/main;jsessionid=5BDE880510893EC436028BE20D1ED0F9?pname=subjarea&tname=subjareas&req=1&dept=PHRM
/cs/main;jsessionid=5BDE880510893EC436028BE20D1ED0F9?pname=subjarea&tname=subjareas&req=1&dept=PHTH
/cs/main;jsessionid=5BDE880510893EC436028BE20D1ED0F9?pname=subjarea&tname=subjareas&req=1&dept=PHYL
/cs/main;jsessionid=5BDE880510893EC436028BE20D1ED0F9?pname=subjarea&tname=subjareas&req=1&dept=PHYS
/cs/main;jsessionid=5BDE880510893EC436028BE20D1ED0F9?pname=subjarea&tname=subjareas&req=1&dept=PLAN
/cs/main;jsessionid=5BDE880510893EC436028BE20D1ED0F9?pname=subjarea&tname=subjareas&req=1&dept=PLNT
/cs/main;jsessionid=5BDE880510893EC436028BE20D1ED0F9?pname=subjarea&tname=subjareas&req=1&dept=POLI
/cs/main;jsessionid=5BDE880510893EC436028BE20D1ED0F9?pname=subjarea&tname=subjareas&req=1&dept=POLS
/cs/main;jsessionid=5BDE880510893EC436028BE20D1ED0F9?pname=subjarea&tname=subjareas&req=1&dept=PORT
/cs/main;jsessionid=5BDE880510893EC436028BE20D1ED0F9?pname=subjarea&tname=subjareas&req=1&dept=PRIN
/cs/main;jsessionid=5BDE880510893EC436028BE20D1ED0F9?pname=subjarea&tname=subjareas&req=1&dept=PSYC
/cs/main;jsessionid=5BDE880510893EC436028BE20D1ED0F9?pname=subjarea&tname=subjareas&req=1&dept=PSYT
/cs/main;jsessionid=5BDE880510893EC436028BE20D1ED0F9?pname=subjarea&tname=subjareas&req=1&dept=PUNJ
/cs/main;jsessionid=5BDE880510893EC436028BE20D1ED0F9?pname=subjarea&tname=subjareas&req=1&dept=RADI
/cs/main;jsessionid=5BDE880510893EC436028BE20D1ED0F9?pname=subjarea&tname=subjareas&req=1&dept=RELG
/cs/main;jsessionid=5BDE880510893EC436028BE20D1ED0F9?pname=subjarea&tname=subjareas&req=1&dept=RES
/cs/main;jsessionid=5BDE880510893EC436028BE20D1ED0F9?pname=subjarea&tname=subjareas&req=1&dept=RGLA
/cs/main;jsessionid=5BDE880510893EC436028BE20D1ED0F9?pname=subjarea&tname=subjareas&req=1&dept=RHSC
/cs/main;jsessionid=5BDE880510893EC436028BE20D1ED0F9?pname=subjarea&tname=subjareas&req=1&dept=RMST
/cs/main;jsessionid=5BDE880510893EC436028BE20D1ED0F9?pname=subjarea&tname=subjareas&req=1&dept=RSOT
/cs/main;jsessionid=5BDE880510893EC436028BE20D1ED0F9?pname=subjarea&tname=subjareas&req=1&dept=RUSS
/cs/main;jsessionid=5BDE880510893EC436028BE20D1ED0F9?pname=subjarea&tname=subjareas&req=1&dept=SANS
/cs/main;jsessionid=5BDE880510893EC436028BE20D1ED0F9?pname=subjarea&tname=subjareas&req=1&dept=SCAN
/cs/main;jsessionid=5BDE880510893EC436028BE20D1ED0F9?pname=subjarea&tname=subjareas&req=1&dept=SCIE
/cs/main;jsessionid=5BDE880510893EC436028BE20D1ED0F9?pname=subjarea&tname=subjareas&req=1&dept=SEAL
/cs/main;jsessionid=5BDE880510893EC436028BE20D1ED0F9?pname=subjarea&tname=subjareas&req=1&dept=SLAV
/cs/main;jsessionid=5BDE880510893EC436028BE20D1ED0F9?pname=subjarea&tname=subjareas&req=1&dept=SOAL
/cs/main;jsessionid=5BDE880510893EC436028BE20D1ED0F9?pname=subjarea&tname=subjareas&req=1&dept=SOCI
/cs/main;jsessionid=5BDE880510893EC436028BE20D1ED0F9?pname=subjarea&tname=subjareas&req=1&dept=SOIL
/cs/main;jsessionid=5BDE880510893EC436028BE20D1ED0F9?pname=subjarea&tname=subjareas&req=1&dept=SOWK
/cs/main;jsessionid=5BDE880510893EC436028BE20D1ED0F9?pname=subjarea&tname=subjareas&req=1&dept=SPAN
/cs/main;jsessionid=5BDE880510893EC436028BE20D1ED0F9?pname=subjarea&tname=subjareas&req=1&dept=SPHA
/cs/main;jsessionid=5BDE880510893EC436028BE20D1ED0F9?pname=subjarea&tname=subjareas&req=1&dept=SPPH
/cs/main;jsessionid=5BDE880510893EC436028BE20D1ED0F9?pname=subjarea&tname=subjareas&req=1&dept=STAT
/cs/main;jsessionid=5BDE880510893EC436028BE20D1ED0F9?pname=subjarea&tname=subjareas&req=1&dept=STS
/cs/main;jsessionid=5BDE880510893EC436028BE20D1ED0F9?pname=subjarea&tname=subjareas&req=1&dept=SURG
/cs/main;jsessionid=5BDE880510893EC436028BE20D1ED0F9?pname=subjarea&tname=subjareas&req=1&dept=SWED
/cs/main;jsessionid=5BDE880510893EC436028BE20D1ED0F9?pname=subjarea&tname=subjareas&req=1&dept=TEST
/cs/main;jsessionid=5BDE880510893EC436028BE20D1ED0F9?pname=subjarea&tname=subjareas&req=1&dept=THTR
/cs/main;jsessionid=5BDE880510893EC436028BE20D1ED0F9?pname=subjarea&tname=subjareas&req=1&dept=TIBT
/cs/main;jsessionid=5BDE880510893EC436028BE20D1ED0F9?pname=subjarea&tname=subjareas&req=1&dept=TRSC
/cs/main;jsessionid=5BDE880510893EC436028BE20D1ED0F9?pname=subjarea&tname=subjareas&req=1&dept=UDES
/cs/main;jsessionid=5BDE880510893EC436028BE20D1ED0F9?pname=subjarea&tname=subjareas&req=1&dept=UFOR
/cs/main;jsessionid=5BDE880510893EC436028BE20D1ED0F9?pname=subjarea&tname=subjareas&req=1&dept=UKRN
/cs/main;jsessionid=5BDE880510893EC436028BE20D1ED0F9?pname=subjarea&tname=subjareas&req=1&dept=URO
/cs/main;jsessionid=5BDE880510893EC436028BE20D1ED0F9?pname=subjarea&tname=subjareas&req=1&dept=URST
/cs/main;jsessionid=5BDE880510893EC436028BE20D1ED0F9?pname=subjarea&tname=subjareas&req=1&dept=URSY
/cs/main;jsessionid=5BDE880510893EC436028BE20D1ED0F9?pname=subjarea&tname=subjareas&req=1&dept=VANT
/cs/main;jsessionid=5BDE880510893EC436028BE20D1ED0F9?pname=subjarea&tname=subjareas&req=1&dept=VGRD
/cs/main;jsessionid=5BDE880510893EC436028BE20D1ED0F9?pname=subjarea&tname=subjareas&req=1&dept=VISA
/cs/main;jsessionid=5BDE880510893EC436028BE20D1ED0F9?pname=subjarea&tname=subjareas&req=1&dept=VRHC
/cs/main;jsessionid=5BDE880510893EC436028BE20D1ED0F9?pname=subjarea&tname=subjareas&req=1&dept=VURS
/cs/main;jsessionid=5BDE880510893EC436028BE20D1ED0F9?pname=subjarea&tname=subjareas&req=1&dept=WOOD
/cs/main;jsessionid=5BDE880510893EC436028BE20D1ED0F9?pname=subjarea&tname=subjareas&req=1&dept=WRDS
/cs/main;jsessionid=5BDE880510893EC436028BE20D1ED0F9?pname=subjarea&tname=subjareas&req=1&dept=WRIT
/cs/main;jsessionid=5BDE880510893EC436028BE20D1ED0F9?pname=subjarea&tname=subjareas&req=1&dept=ZOOL
